0,1,2,3,4,5,6,7,8,9,10,11,12,13,14,15,16,17,18,19
-0.61,0.39,0.3721,-0.2379,0.1521,-0.226981,0.145119,-0.092781,0.059319000000000004,0.13845840999999998,-0.08852259,0.05659641,-0.03618459,0.02313441,-0.08445963009999999,0.053998779899999995,-0.034523810099999996,0.0220725999,-0.014111990100000001,0.0090224199
-0.86,-0.09,0.7395999999999999,0.0774,0.0081,-0.636056,-0.066564,-0.006965999999999999,-0.0007289999999999999,0.54700816,0.05724504,0.0059907599999999995,0.00062694,6.560999999999999e-05,-0.47042701759999994,-0.0492307344,-0.0051520535999999995,-0.0005391683999999999,-5.642459999999999e-05,-5.904899999999999e-06
-0.79,0.2,0.6241000000000001,-0.15800000000000003,0.04000000000000001,-0.4930390000000001,0.12482000000000003,-0.03160000000000001,0.008000000000000002,0.3895008100000001,-0.09860780000000002,0.02496400000000001,-0.006320000000000002,0.0016000000000000005,-0.3077056399000001,0.07790016200000002,-0.01972156000000001,0.004992800000000002,-0.0012640000000000004,0.00032000000000000013
0.51,-0.96,0.2601,-0.4896,0.9216,0.132651,-0.249696,0.470016,-0.884736,0.06765201,-0.12734496,0.23970816,-0.45121536,0.84934656,0.0345025251,-0.06494592960000001,0.1222511616,-0.23011983360000002,0.4331667456,-0.8153726976
0.17,0.57,0.028900000000000006,0.0969,0.32489999999999997,0.004913000000000002,0.016473,0.055233,0.18519299999999997,0.0008352100000000003,0.0028004100000000006,0.00938961,0.03148281,0.10556000999999997,0.00014198570000000007,0.00047606970000000016,0.0015962337,0.0053520777,0.017945201699999996,0.06016920569999998
0.04,-0.72,0.0016,-0.0288,0.5184,6.400000000000001e-05,-0.001152,0.020736,-0.37324799999999997,2.5600000000000005e-06,-4.608e-05,0.0008294400000000001,-0.01492992,0.26873855999999996,1.0240000000000002e-07,-1.8432e-06,3.3177600000000006e-05,-0.0005971968,0.0107495424,-0.19349176319999997
0.14,-0.21,0.019600000000000003,-0.029400000000000003,0.04409999999999999,0.0027440000000000008,-0.004116000000000001,0.006174,-0.009260999999999998,0.00038416000000000014,-0.0005762400000000001,0.0008643600000000001,-0.0012965399999999999,0.0019448099999999995,5.378240000000002e-05,-8.067360000000002e-05,0.00012101040000000002,-0.0001815156,0.00027227339999999993,-0.00040841009999999987
-0.65,0.25,0.42250000000000004,-0.1625,0.0625,-0.27462500000000006,0.10562500000000001,-0.040625,0.015625,0.17850625000000006,-0.06865625000000002,0.026406250000000003,-0.01015625,0.00390625,-0.11602906250000004,0.044626562500000015,-0.017164062500000004,0.006601562500000001,-0.0025390625,0.0009765625
0.29,-0.78,0.0841,-0.22619999999999998,0.6084,0.024388999999999997,-0.06559799999999999,0.176436,-0.47455200000000003,0.007072809999999999,-0.019023419999999996,0.05116644,-0.13762008,0.37015056,0.0020511148999999996,-0.005516791799999999,0.0148382676,-0.0399098232,0.1073436624,-0.2887174368
0.09,0.94,0.0081,0.0846,0.8835999999999999,0.0007289999999999999,0.007613999999999999,0.079524,0.8305839999999999,6.560999999999999e-05,0.0006852599999999999,0.007157159999999999,0.07475255999999998,0.7807489599999998,5.904899999999999e-06,6.167339999999999e-05,0.0006441444,0.006727730399999998,0.07026740639999998,0.7339040223999997
0.23,-0.94,0.0529,-0.2162,0.8835999999999999,0.012167,-0.049726000000000006,0.203228,-0.8305839999999999,0.0027984100000000003,-0.011436980000000001,0.04674244,-0.19103431999999998,0.7807489599999998,0.0006436343000000001,-0.0026305054000000006,0.010750761200000002,-0.0439378936,0.17957226079999997,-0.7339040223999997
0.56,-0.56,0.31360000000000005,-0.31360000000000005,0.31360000000000005,0.17561600000000005,-0.17561600000000005,0.17561600000000005,-0.17561600000000005,0.09834496000000004,-0.09834496000000004,0.09834496000000004,-0.09834496000000004,0.09834496000000004,0.05507317760000002,-0.05507317760000002,0.05507317760000002,-0.05507317760000002,0.05507317760000002,-0.05507317760000002
-0.16,0.58,0.0256,-0.0928,0.3364,-0.004096000000000001,0.014848,-0.053824,0.19511199999999998,0.0006553600000000001,-0.0023756800000000002,0.008611839999999999,-0.031217919999999996,0.11316495999999998,-0.00010485760000000002,0.00038010880000000004,-0.0013778943999999999,0.004994867199999999,-0.018106393599999996,0.06563567679999999
-0.8,0.68,0.6400000000000001,-0.544,0.4624000000000001,-0.5120000000000001,0.43520000000000003,-0.3699200000000001,0.3144320000000001,0.40960000000000013,-0.34816,0.2959360000000001,-0.2515456000000001,0.21381376000000007,-0.32768000000000014,0.27852800000000005,-0.2367488000000001,0.20123648000000008,-0.17105100800000006,0.14539335680000007
0.74,-0.46,0.5476,-0.34040000000000004,0.2116,0.405224,-0.251896,0.156584,-0.097336,0.29986576,-0.18640304,0.11587216,-0.07202864,0.044774560000000005,0.22190066239999998,-0.13793824959999998,0.0857453984,-0.053301193600000005,0.03313317440000001,-0.020596297600000004
0.52,-0.87,0.27040000000000003,-0.4524,0.7569,0.140608,-0.235248,0.39358800000000005,-0.6585030000000001,0.07311616000000001,-0.12232896000000001,0.20466576000000003,-0.34242156000000007,0.5728976100000001,0.03802040320000001,-0.06361105920000001,0.10642619520000002,-0.17805921120000004,0.29790675720000004,-0.49842092070000005
0.94,0.67,0.8835999999999999,0.6298,0.4489000000000001,0.8305839999999999,0.592012,0.42196600000000006,0.30076300000000006,0.7807489599999998,0.5564912799999999,0.39664804000000004,0.28271722000000005,0.20151121000000005,0.7339040223999997,0.5231018031999999,0.37284915760000004,0.2657541868,0.18942053740000003,0.13501251070000003
0.04,-0.86,0.0016,-0.0344,0.7395999999999999,6.400000000000001e-05,-0.001376,0.029584,-0.636056,2.5600000000000005e-06,-5.504e-05,0.00118336,-0.025442239999999998,0.54700816,1.0240000000000002e-07,-2.2016000000000002e-06,4.7334400000000005e-05,-0.0010176896,0.0218803264,-0.47042701759999994
-0.14,-0.45,0.019600000000000003,0.06300000000000001,0.2025,-0.0027440000000000008,-0.008820000000000003,-0.028350000000000004,-0.09112500000000001,0.00038416000000000014,0.0012348000000000005,0.003969000000000001,0.012757500000000003,0.04100625000000001,-5.378240000000002e-05,-0.0001728720000000001,-0.0005556600000000002,-0.0017860500000000006,-0.005740875000000002,-0.018452812500000006
-0.81,-0.98,0.6561000000000001,0.7938000000000001,0.9603999999999999,-0.5314410000000002,-0.642978,-0.777924,-0.9411919999999999,0.43046721000000016,0.5208121800000001,0.63011844,0.76236552,0.9223681599999999,-0.34867844010000015,-0.42185786580000006,-0.5103959364,-0.6175160712000001,-0.7471182096,-0.9039207967999998
-0.88,0.23,0.7744,-0.2024,0.0529,-0.681472,0.178112,-0.046552,0.012167,0.59969536,-0.15673856,0.040965760000000004,-0.010706960000000001,0.0027984100000000003,-0.5277319168,0.1379299328,-0.0360498688,0.0094221248,-0.0024626008000000004,0.0006436343000000001
-0.69,0.26,0.4760999999999999,-0.1794,0.06760000000000001,-0.32850899999999994,0.123786,-0.046644000000000005,0.017576,0.22667120999999993,-0.08541233999999999,0.03218436,-0.01212744,0.004569760000000001,-0.15640313489999993,0.05893451459999999,-0.0222072084,0.008367933599999999,-0.0031531344000000003,0.0011881376000000003
-0.98,-0.34,0.9603999999999999,0.3332,0.11560000000000002,-0.9411919999999999,-0.326536,-0.11328800000000001,-0.03930400000000001,0.9223681599999999,0.32000528,0.11102224000000001,0.03851792000000001,0.013363360000000005,-0.9039207967999998,-0.3136051744,-0.10880179520000001,-0.03774756160000001,-0.013096092800000004,-0.004543542400000002
-0.49,0.31,0.24009999999999998,-0.1519,0.0961,-0.11764899999999999,0.074431,-0.047089,0.029791,0.05764800999999999,-0.03647119,0.023073609999999998,-0.01459759,0.00923521,-0.028247524899999994,0.0178708831,-0.011306068899999999,0.0071528191,-0.0045252529,0.0028629151
-0.11,0.6,0.0121,-0.066,0.36,-0.001331,0.00726,-0.039599999999999996,0.216,0.00014641,-0.0007986,0.004356,-0.02376,0.1296,-1.61051e-05,8.7846e-05,-0.00047915999999999996,0.0026136,-0.014256,0.07776
0.24,-0.89,0.0576,-0.21359999999999998,0.7921,0.013824,-0.051264,0.190104,-0.7049690000000001,0.00331776,-0.01230336,0.04562496,-0.16919256000000002,0.6274224100000001,0.0007962624,-0.0029528064,0.0109499904,-0.0406062144,0.15058137840000002,-0.5584059449000001
0.67,-0.2,0.4489000000000001,-0.134,0.04000000000000001,0.30076300000000006,-0.08978000000000001,0.026800000000000008,-0.008000000000000002,0.20151121000000005,-0.060152600000000014,0.017956000000000007,-0.005360000000000002,0.0016000000000000005,0.13501251070000003,-0.04030224200000001,0.012030520000000005,-0.0035912000000000014,0.0010720000000000005,-0.00032000000000000013
-0.45,-0.5,0.2025,0.225,0.25,-0.09112500000000001,-0.10125,-0.1125,-0.125,0.04100625000000001,0.045562500000000006,0.050625,0.05625,0.0625,-0.018452812500000006,-0.020503125000000004,-0.022781250000000003,-0.0253125,-0.028125,-0.03125
-0.63,-0.25,0.39690000000000003,0.1575,0.0625,-0.250047,-0.09922500000000001,-0.039375,-0.015625,0.15752961000000001,0.06251175,0.024806250000000002,0.00984375,0.00390625,-0.09924365430000001,-0.039382402500000004,-0.0156279375,-0.0062015625000000005,-0.0024609375,-0.0009765625
-0.82,-0.89,0.6723999999999999,0.7298,0.7921,-0.5513679999999999,-0.598436,-0.6495219999999999,-0.7049690000000001,0.4521217599999999,0.49071751999999996,0.53260804,0.57807458,0.6274224100000001,-0.37073984319999986,-0.4023883663999999,-0.43673859279999994,-0.47402115559999997,-0.5144863762,-0.5584059449000001
0.3,0.7,0.09,0.21,0.48999999999999994,0.027,0.063,0.14699999999999996,0.3429999999999999,0.0081,0.0189,0.044099999999999986,0.10289999999999998,0.24009999999999992,0.00243,0.00567,0.013229999999999995,0.03086999999999999,0.07202999999999997,0.16806999999999994
-0.76,0.23,0.5776,-0.1748,0.0529,-0.43897600000000003,0.13284800000000002,-0.040204000000000004,0.012167,0.33362176000000004,-0.10096448000000002,0.030555040000000002,-0.00924692,0.0027984100000000003,-0.2535525376,0.07673300480000002,-0.0232218304,0.0070276592,-0.0021267916,0.0006436343000000001
0.36,0.29,0.1296,0.10439999999999999,0.0841,0.046655999999999996,0.037584,0.030275999999999997,0.024388999999999997,0.016796159999999997,0.013530239999999999,0.010899359999999999,0.00878004,0.007072809999999999,0.006046617599999999,0.0048708864,0.003923769599999999,0.0031608143999999998,0.0025462115999999994,0.0020511148999999996
0.38,-0.78,0.1444,-0.2964,0.6084,0.054872000000000004,-0.112632,0.231192,-0.47455200000000003,0.020851360000000003,-0.04280016,0.08785296000000001,-0.18032976,0.37015056,0.0079235168,-0.0162640608,0.033384124800000005,-0.0685253088,0.14065721280000001,-0.2887174368
0.84,0.58,0.7055999999999999,0.48719999999999997,0.3364,0.5927039999999999,0.40924799999999995,0.282576,0.19511199999999998,0.4978713599999999,0.34376831999999996,0.23736384,0.16389407999999997,0.11316495999999998,0.41821194239999987,0.28876538879999997,0.19938562559999998,0.13767102719999996,0.09505856639999997,0.06563567679999999
-0.76,0.97,0.5776,-0.7372,0.9409,-0.43897600000000003,0.560272,-0.7150839999999999,0.912673,0.33362176000000004,-0.42580671999999997,0.5434638399999999,-0.69363148,0.8852928099999999,-0.2535525376,0.32361310719999997,-0.41303251839999994,0.5271599248,-0.6728225355999999,0.8587340256999999
-0.19,-0.45,0.0361,0.0855,0.2025,-0.0068590000000000005,-0.016245000000000002,-0.038475,-0.09112500000000001,0.0013032100000000002,0.0030865500000000004,0.007310250000000001,0.017313750000000003,0.04100625000000001,-0.0002476099,-0.0005864445,-0.0013889475000000001,-0.0032896125000000005,-0.007791187500000001,-0.018452812500000006
0.23,-0.17,0.0529,-0.0391,0.028900000000000006,0.012167,-0.008993000000000001,0.006647000000000002,-0.004913000000000002,0.0027984100000000003,-0.0020683900000000002,0.0015288100000000005,-0.0011299900000000004,0.0008352100000000003,0.0006436343000000001,-0.00047572970000000006,0.0003516263000000001,-0.0002598977000000001,0.00019209830000000008,-0.00014198570000000007
0.22,0.74,0.0484,0.1628,0.5476,0.010648,0.035816,0.120472,0.405224,0.00234256,0.007879520000000001,0.02650384,0.08914928,0.29986576,0.0005153632,0.0017334944000000003,0.0058308448,0.0196128416,0.0659704672,0.22190066239999998
-0.87,-0.9,0.7569,0.783,0.81,-0.6585030000000001,-0.68121,-0.7047,-0.7290000000000001,0.5728976100000001,0.5926527,0.613089,0.6342300000000001,0.6561000000000001,-0.49842092070000005,-0.515607849,-0.53338743,-0.5517801000000001,-0.5708070000000001,-0.5904900000000002
0.33,0.38,0.10890000000000001,0.1254,0.1444,0.035937000000000004,0.04138200000000001,0.047652,0.054872000000000004,0.011859210000000002,0.013656060000000003,0.015725160000000002,0.01810776,0.020851360000000003,0.003913539300000001,0.004506499800000001,0.005189302800000001,0.005975560800000001,0.006880948800000002,0.0079235168
-0.79,0.0,0.6241000000000001,-0.0,0.0,-0.4930390000000001,0.0,-0.0,0.0,0.3895008100000001,-0.0,0.0,-0.0,0.0,-0.3077056399000001,0.0,-0.0,0.0,-0.0,0.0
-0.83,-0.24,0.6889,0.1992,0.0576,-0.5717869999999999,-0.16533599999999998,-0.047807999999999996,-0.013824,0.4745832099999999,0.13722887999999997,0.039680639999999996,0.011473919999999999,0.00331776,-0.3939040642999999,-0.11389997039999997,-0.032934931199999996,-0.009523353599999998,-0.0027537407999999996,-0.0007962624
0.51,-0.46,0.2601,-0.2346,0.2116,0.132651,-0.119646,0.10791600000000001,-0.097336,0.06765201,-0.061019460000000005,0.05503716000000001,-0.04964136,0.044774560000000005,0.0345025251,-0.0311199246,0.028068951600000006,-0.025317093600000003,0.022835025600000003,-0.020596297600000004
0.52,0.69,0.27040000000000003,0.3588,0.4760999999999999,0.140608,0.18657600000000002,0.24757199999999996,0.32850899999999994,0.07311616000000001,0.09701952000000001,0.12873743999999998,0.17082467999999998,0.22667120999999993,0.03802040320000001,0.050450150400000005,0.06694346879999999,0.08882883359999999,0.11786902919999996,0.15640313489999993
-0.34,-0.18,0.11560000000000002,0.061200000000000004,0.0324,-0.03930400000000001,-0.020808000000000004,-0.011016,-0.0058319999999999995,0.013363360000000005,0.007074720000000001,0.00374544,0.00198288,0.0010497599999999998,-0.004543542400000002,-0.0024054048000000006,-0.0012734496,-0.0006741792,-0.0003569184,-0.00018895679999999997
0.39,-0.1,0.1521,-0.03900000000000001,0.010000000000000002,0.059319000000000004,-0.015210000000000003,0.0039000000000000007,-0.0010000000000000002,0.02313441,-0.005931900000000001,0.0015210000000000002,-0.0003900000000000001,0.00010000000000000003,0.0090224199,-0.0023134410000000007,0.0005931900000000001,-0.00015210000000000004,3.900000000000001e-05,-1.0000000000000004e-05
-0.95,-0.25,0.9025,0.2375,0.0625,-0.8573749999999999,-0.225625,-0.059375,-0.015625,0.8145062499999999,0.21434374999999997,0.05640625,0.01484375,0.00390625,-0.7737809374999999,-0.20362656249999997,-0.05358593749999999,-0.0141015625,-0.0037109375,-0.0009765625
-0.82,0.43,0.6723999999999999,-0.35259999999999997,0.18489999999999998,-0.5513679999999999,0.28913199999999994,-0.15161799999999998,0.079507,0.4521217599999999,-0.23708823999999995,0.12432675999999997,-0.06519573999999999,0.03418801,-0.37073984319999986,0.19441235679999994,-0.10194794319999996,0.05346050679999999,-0.028034168199999997,0.014700844299999998
-0.03,-0.98,0.0009,0.0294,0.9603999999999999,-2.7e-05,-0.000882,-0.028811999999999997,-0.9411919999999999,8.1e-07,2.6459999999999997e-05,0.0008643599999999999,0.028235759999999995,0.9223681599999999,-2.43e-08,-7.937999999999999e-07,-2.5930799999999996e-05,-0.0008470727999999999,-0.027671044799999996,-0.9039207967999998
0.01,0.21,0.0001,0.0021,0.04409999999999999,1.0000000000000002e-06,2.1e-05,0.00044099999999999993,0.009260999999999998,1.0000000000000002e-08,2.1e-07,4.409999999999999e-06,9.260999999999998e-05,0.0019448099999999995,1.0000000000000002e-10,2.1e-09,4.409999999999999e-08,9.260999999999998e-07,1.9448099999999994e-05,0.00040841009999999987
0.99,0.82,0.9801,0.8118,0.6723999999999999,0.9702989999999999,0.803682,0.6656759999999999,0.5513679999999999,0.96059601,0.79564518,0.6590192399999999,0.5458543199999999,0.4521217599999999,0.9509900498999999,0.7876887281999999,0.6524290475999999,0.5403957767999998,0.44760054239999986,0.37073984319999986
0.77,0.21,0.5929,0.1617,0.04409999999999999,0.456533,0.12450900000000001,0.033956999999999994,0.009260999999999998,0.35153041,0.09587193000000001,0.026146889999999996,0.007130969999999999,0.0019448099999999995,0.2706784157,0.07382138610000001,0.020133105299999995,0.005490846899999999,0.0014975036999999997,0.00040841009999999987
-0.35,-0.02,0.12249999999999998,0.006999999999999999,0.0004,-0.04287499999999999,-0.0024499999999999995,-0.00014,-8.000000000000001e-06,0.015006249999999995,0.0008574999999999998,4.899999999999999e-05,2.8000000000000003e-06,1.6000000000000003e-07,-0.005252187499999998,-0.0003001249999999999,-1.7149999999999997e-05,-9.800000000000001e-07,-5.6000000000000005e-08,-3.2000000000000005e-09
-0.06,-0.22,0.0036,0.0132,0.0484,-0.000216,-0.000792,-0.002904,-0.010648,1.296e-05,4.751999999999999e-05,0.00017423999999999999,0.00063888,0.00234256,-7.776e-07,-2.8511999999999995e-06,-1.04544e-05,-3.83328e-05,-0.0001405536,-0.0005153632
0.08,-0.73,0.0064,-0.0584,0.5328999999999999,0.0005120000000000001,-0.004672,0.042631999999999996,-0.38901699999999995,4.096000000000001e-05,-0.00037376,0.00341056,-0.031121359999999997,0.28398240999999996,3.2768000000000005e-06,-2.99008e-05,0.0002728448,-0.0024897088,0.022718592799999996,-0.20730715929999996
-0.84,0.3,0.7055999999999999,-0.252,0.09,-0.5927039999999999,0.21168,-0.0756,0.027,0.4978713599999999,-0.1778112,0.063504,-0.02268,0.0081,-0.41821194239999987,0.149361408,-0.05334336,0.019051199999999997,-0.006803999999999999,0.00243
0.27,-0.67,0.0729,-0.18090000000000003,0.4489000000000001,0.019683000000000003,-0.04884300000000001,0.12120300000000003,-0.30076300000000006,0.005314410000000001,-0.013187610000000004,0.032724810000000014,-0.08120601000000002,0.20151121000000005,0.0014348907000000003,-0.0035606547000000014,0.008835698700000004,-0.021925622700000008,0.054408026700000015,-0.13501251070000003
-0.95,-0.22,0.9025,0.209,0.0484,-0.8573749999999999,-0.19854999999999998,-0.04597999999999999,-0.010648,0.8145062499999999,0.18862249999999997,0.04368099999999999,0.010115599999999999,0.00234256,-0.7737809374999999,-0.17919137499999996,-0.04149694999999999,-0.009609819999999998,-0.002225432,-0.0005153632
-0.12,0.58,0.0144,-0.0696,0.3364,-0.001728,0.008351999999999998,-0.040367999999999994,0.19511199999999998,0.00020736,-0.0010022399999999997,0.004844159999999999,-0.023413439999999997,0.11316495999999998,-2.48832e-05,0.00012026879999999997,-0.0005812991999999999,0.0028096127999999994,-0.013579795199999998,0.06563567679999999
-0.54,0.54,0.2916,-0.2916,0.2916,-0.15746400000000002,0.15746400000000002,-0.15746400000000002,0.15746400000000002,0.08503056000000002,-0.08503056000000002,0.08503056000000002,-0.08503056000000002,0.08503056000000002,-0.04591650240000001,0.04591650240000001,-0.04591650240000001,0.04591650240000001,-0.04591650240000001,0.04591650240000001
-0.61,0.85,0.3721,-0.5185,0.7224999999999999,-0.226981,0.316285,-0.4407249999999999,0.6141249999999999,0.13845840999999998,-0.19293385,0.26884224999999995,-0.37461624999999993,0.5220062499999999,-0.08445963009999999,0.1176896485,-0.16399377249999997,0.22851591249999995,-0.3184238124999999,0.4437053124999999
-0.57,-0.55,0.32489999999999997,0.3135,0.30250000000000005,-0.18519299999999997,-0.178695,-0.17242500000000002,-0.16637500000000005,0.10556000999999997,0.10185614999999999,0.09828225,0.09483375000000002,0.09150625000000004,-0.06016920569999998,-0.05805800549999999,-0.056020882499999994,-0.054055237500000006,-0.05215856250000002,-0.050328437500000024
-0.41,-0.38,0.16809999999999997,0.1558,0.1444,-0.06892099999999998,-0.06387799999999999,-0.059204,-0.054872000000000004,0.028257609999999992,0.026189979999999995,0.02427364,0.02249752,0.020851360000000003,-0.011585620099999996,-0.010737891799999998,-0.009952192399999999,-0.009223983199999999,-0.0085490576,-0.0079235168
0.88,0.56,0.7744,0.49280000000000007,0.31360000000000005,0.681472,0.43366400000000005,0.27596800000000005,0.17561600000000005,0.59969536,0.3816243200000001,0.24285184000000004,0.15454208000000005,0.09834496000000004,0.5277319168,0.3358294016000001,0.21370961920000003,0.13599703040000005,0.08654356480000003,0.05507317760000002
-0.36,-0.11,0.1296,0.039599999999999996,0.0121,-0.046655999999999996,-0.014255999999999998,-0.004356,-0.001331,0.016796159999999997,0.005132159999999999,0.0015681599999999999,0.00047915999999999996,0.00014641,-0.006046617599999999,-0.0018475775999999998,-0.0005645375999999999,-0.00017249759999999999,-5.2707599999999997e-05,-1.61051e-05
-0.23,-0.37,0.0529,0.08510000000000001,0.1369,-0.012167,-0.019573000000000004,-0.031487,-0.050653,0.0027984100000000003,0.004501790000000001,0.007242010000000001,0.01165019,0.01874161,-0.0006436343000000001,-0.0010354117000000002,-0.0016656623000000004,-0.0026795437,-0.0043105703,-0.006934395699999999
-0.29,-0.46,0.0841,0.1334,0.2116,-0.024388999999999997,-0.03868599999999999,-0.061364,-0.097336,0.007072809999999999,0.011218939999999997,0.01779556,0.02822744,0.044774560000000005,-0.0020511148999999996,-0.0032534925999999987,-0.005160712399999999,-0.0081859576,-0.012984622400000001,-0.020596297600000004
0.84,0.36,0.7055999999999999,0.3024,0.1296,0.5927039999999999,0.254016,0.10886399999999999,0.046655999999999996,0.4978713599999999,0.21337344,0.09144575999999999,0.039191039999999996,0.016796159999999997,0.41821194239999987,0.1792336896,0.07681443839999999,0.03292047359999999,0.014108774399999998,0.006046617599999999
0.52,-0.22,0.27040000000000003,-0.1144,0.0484,0.140608,-0.059488000000000006,0.025168,-0.010648,0.07311616000000001,-0.030933760000000005,0.01308736,-0.00553696,0.00234256,0.03802040320000001,-0.016085555200000004,0.0068054272,-0.0028792191999999998,0.0012181312,-0.0005153632
-0.86,-0.4,0.7395999999999999,0.34400000000000003,0.16000000000000003,-0.636056,-0.29584,-0.13760000000000003,-0.06400000000000002,0.54700816,0.2544224,0.11833600000000002,0.05504000000000001,0.025600000000000008,-0.47042701759999994,-0.218803264,-0.10176896000000002,-0.04733440000000001,-0.022016000000000008,-0.010240000000000004
0.05,-0.7,0.0025000000000000005,-0.034999999999999996,0.48999999999999994,0.00012500000000000003,-0.0017499999999999998,0.024499999999999997,-0.3429999999999999,6.250000000000002e-06,-8.75e-05,0.001225,-0.017149999999999995,0.24009999999999992,3.1250000000000013e-07,-4.3750000000000005e-06,6.125e-05,-0.0008574999999999998,0.012004999999999997,-0.16806999999999994
0.9,-0.68,0.81,-0.6120000000000001,0.4624000000000001,0.7290000000000001,-0.5508000000000001,0.4161600000000001,-0.3144320000000001,0.6561000000000001,-0.49572000000000005,0.3745440000000001,-0.2829888000000001,0.21381376000000007,0.5904900000000002,-0.44614800000000004,0.3370896000000001,-0.25468992000000007,0.19243238400000007,-0.14539335680000007
-0.36,0.96,0.1296,-0.34559999999999996,0.9216,-0.046655999999999996,0.12441599999999998,-0.33177599999999996,0.884736,0.016796159999999997,-0.04478975999999999,0.11943935999999998,-0.31850496,0.84934656,-0.006046617599999999,0.016124313599999995,-0.04299816959999999,0.1146617856,-0.3057647616,0.8153726976
0.11,0.52,0.0121,0.0572,0.27040000000000003,0.001331,0.006292,0.029744000000000003,0.140608,0.00014641,0.00069212,0.0032718400000000003,0.01546688,0.07311616000000001,1.61051e-05,7.61332e-05,0.0003599024,0.0017013568,0.008042777600000002,0.03802040320000001
0.54,0.57,0.2916,0.3078,0.32489999999999997,0.15746400000000002,0.16621200000000003,0.175446,0.18519299999999997,0.08503056000000002,0.08975448000000003,0.09474084,0.10000421999999999,0.10556000999999997,0.04591650240000001,0.048467419200000014,0.051160053600000005,0.0540022788,0.057002405399999984,0.06016920569999998
0.06,0.94,0.0036,0.05639999999999999,0.8835999999999999,0.000216,0.0033839999999999994,0.053015999999999994,0.8305839999999999,1.296e-05,0.00020303999999999995,0.0031809599999999996,0.04983503999999999,0.7807489599999998,7.776e-07,1.2182399999999997e-05,0.00019085759999999997,0.0029901023999999994,0.04684493759999999,0.7339040223999997
0.42,0.49,0.17639999999999997,0.20579999999999998,0.24009999999999998,0.07408799999999999,0.08643599999999999,0.10084199999999999,0.11764899999999999,0.031116959999999992,0.036303119999999994,0.04235363999999999,0.04941257999999999,0.05764800999999999,0.013069123199999996,0.015247310399999997,0.017788528799999995,0.020753283599999995,0.024212164199999997,0.028247524899999994
-0.62,-0.99,0.3844,0.6138,0.9801,-0.238328,-0.380556,-0.6076619999999999,-0.9702989999999999,0.14776336,0.23594472,0.37675043999999996,0.60158538,0.96059601,-0.0916132832,-0.1462857264,-0.23358527279999997,-0.37298293559999995,-0.5955695261999999,-0.9509900498999999
-0.89,-0.74,0.7921,0.6586,0.5476,-0.7049690000000001,-0.586154,-0.48736399999999996,-0.405224,0.6274224100000001,0.5216770599999999,0.43375396,0.36064936,0.29986576,-0.5584059449000001,-0.46429258339999996,-0.3860410244,-0.3209779304,-0.2668805264,-0.22190066239999998
0.58,-0.24,0.3364,-0.1392,0.0576,0.19511199999999998,-0.08073599999999999,0.033408,-0.013824,0.11316495999999998,-0.04682687999999999,0.019376639999999997,-0.00801792,0.00331776,0.06563567679999999,-0.027159590399999992,0.011238451199999997,-0.004650393599999999,0.0019243007999999997,-0.0007962624
0.15,-0.66,0.0225,-0.099,0.43560000000000004,0.003375,-0.01485,0.06534000000000001,-0.28749600000000003,0.00050625,-0.0022275,0.009801,-0.0431244,0.18974736000000003,7.59375e-05,-0.00033412499999999995,0.0014701500000000001,-0.00646866,0.028462104000000002,-0.12523325760000004
0.39,0.86,0.1521,0.33540000000000003,0.7395999999999999,0.059319000000000004,0.130806,0.288444,0.636056,0.02313441,0.051014340000000005,0.11249316,0.24806183999999998,0.54700816,0.0090224199,0.0198955926,0.0438723324,0.0967441176,0.2133331824,0.47042701759999994
-0.12,0.22,0.0144,-0.0264,0.0484,-0.001728,0.003168,-0.005808,0.010648,0.00020736,-0.00038015999999999994,0.0006969599999999999,-0.00127776,0.00234256,-2.48832e-05,4.561919999999999e-05,-8.36352e-05,0.0001533312,-0.0002811072,0.0005153632
0.22,-0.6,0.0484,-0.132,0.36,0.010648,-0.02904,0.07919999999999999,-0.216,0.00234256,-0.0063888,0.017424,-0.04752,0.1296,0.0005153632,-0.001405536,0.0038332799999999997,-0.0104544,0.028512,-0.07776
-1.0,0.36,1.0,-0.36,0.1296,-1.0,0.36,-0.1296,0.046655999999999996,1.0,-0.36,0.1296,-0.046655999999999996,0.016796159999999997,-1.0,0.36,-0.1296,0.046655999999999996,-0.016796159999999997,0.006046617599999999
0.01,0.05,0.0001,0.0005,0.0025000000000000005,1.0000000000000002e-06,5e-06,2.5000000000000005e-05,0.00012500000000000003,1.0000000000000002e-08,5.0000000000000004e-08,2.5000000000000004e-07,1.2500000000000003e-06,6.250000000000002e-06,1.0000000000000002e-10,5e-10,2.5000000000000005e-09,1.2500000000000003e-08,6.250000000000002e-08,3.1250000000000013e-07
0.66,-0.1,0.43560000000000004,-0.066,0.010000000000000002,0.28749600000000003,-0.04356,0.006600000000000002,-0.0010000000000000002,0.18974736000000003,-0.028749600000000004,0.004356000000000001,-0.0006600000000000002,0.00010000000000000003,0.12523325760000004,-0.018974736000000002,0.002874960000000001,-0.0004356000000000002,6.600000000000002e-05,-1.0000000000000004e-05
0.38,-0.7,0.1444,-0.26599999999999996,0.48999999999999994,0.054872000000000004,-0.10107999999999999,0.18619999999999998,-0.3429999999999999,0.020851360000000003,-0.0384104,0.07075599999999999,-0.13033999999999996,0.24009999999999992,0.0079235168,-0.014595951999999999,0.026887279999999996,-0.04952919999999998,0.09123799999999997,-0.16806999999999994
-0.14,-0.52,0.019600000000000003,0.0728,0.27040000000000003,-0.0027440000000000008,-0.010192000000000001,-0.03785600000000001,-0.140608,0.00038416000000000014,0.0014268800000000004,0.005299840000000002,0.019685120000000004,0.07311616000000001,-5.378240000000002e-05,-0.00019976320000000006,-0.0007419776000000003,-0.002755916800000001,-0.010236262400000003,-0.03802040320000001
0.82,-0.61,0.6723999999999999,-0.5002,0.3721,0.5513679999999999,-0.410164,0.30512199999999995,-0.226981,0.4521217599999999,-0.33633447999999994,0.25020003999999996,-0.18612441999999998,0.13845840999999998,0.37073984319999986,-0.2757942735999999,0.20516403279999995,-0.15262202439999997,0.11353589619999997,-0.08445963009999999
-0.95,-0.13,0.9025,0.1235,0.016900000000000002,-0.8573749999999999,-0.117325,-0.016055,-0.002197,0.8145062499999999,0.11145875,0.015252249999999998,0.00208715,0.00028561000000000005,-0.7737809374999999,-0.1058858125,-0.014489637499999998,-0.0019827925,-0.0002713295,-3.712930000000001e-05
-0.68,0.48,0.4624000000000001,-0.3264,0.2304,-0.3144320000000001,0.22195200000000004,-0.156672,0.110592,0.21381376000000007,-0.15092736000000004,0.10653696000000001,-0.07520256,0.05308416,-0.14539335680000007,0.10263060480000004,-0.07244513280000002,0.051137740800000005,-0.0360972288,0.0254803968
-0.64,-0.3,0.4096,0.192,0.09,-0.26214400000000004,-0.12288,-0.0576,-0.027,0.16777216000000003,0.07864320000000001,0.036864,0.01728,0.0081,-0.10737418240000002,-0.05033164800000001,-0.02359296,-0.0110592,-0.005184,-0.00243
0.49,-0.53,0.24009999999999998,-0.2597,0.28090000000000004,0.11764899999999999,-0.12725299999999998,0.137641,-0.14887700000000004,0.05764800999999999,-0.06235396999999999,0.06744409000000001,-0.07294973000000002,0.07890481000000002,0.028247524899999994,-0.030553445299999992,0.0330476041,-0.03574536770000001,0.03866335690000001,-0.041819549300000015
-0.04,0.06,0.0016,-0.0024,0.0036,-6.400000000000001e-05,9.599999999999999e-05,-0.000144,0.000216,2.5600000000000005e-06,-3.84e-06,5.76e-06,-8.64e-06,1.296e-05,-1.0240000000000002e-07,1.536e-07,-2.304e-07,3.456e-07,-5.184e-07,7.776e-07
0.23,-0.89,0.0529,-0.20470000000000002,0.7921,0.012167,-0.047081000000000005,0.182183,-0.7049690000000001,0.0027984100000000003,-0.010828630000000002,0.04190209,-0.16214287000000002,0.6274224100000001,0.0006436343000000001,-0.0024905849000000004,0.009637480700000001,-0.037292860100000005,0.14430715430000002,-0.5584059449000001
0.41,-0.39,0.16809999999999997,-0.1599,0.1521,0.06892099999999998,-0.06555899999999999,0.062361,-0.059319000000000004,0.028257609999999992,-0.026879189999999994,0.02556801,-0.02432079,0.02313441,0.011585620099999996,-0.011020467899999997,0.0104828841,-0.0099715239,0.0094851081,-0.0090224199
0.97,-0.71,0.9409,-0.6887,0.5041,0.912673,-0.6680389999999999,0.488977,-0.357911,0.8852928099999999,-0.6479978299999999,0.47430769,-0.34717367,0.25411680999999997,0.8587340256999999,-0.6285578950999998,0.46007845929999996,-0.3367584599,0.24649330569999997,-0.18042293509999996
0.84,0.18,0.7055999999999999,0.1512,0.0324,0.5927039999999999,0.127008,0.027215999999999997,0.0058319999999999995,0.4978713599999999,0.10668672,0.022861439999999997,0.0048988799999999996,0.0010497599999999998,0.41821194239999987,0.0896168448,0.019203609599999998,0.004115059199999999,0.0008817983999999999,0.00018895679999999997
-0.3,0.84,0.09,-0.252,0.7055999999999999,-0.027,0.0756,-0.21167999999999995,0.5927039999999999,0.0081,-0.02268,0.06350399999999998,-0.17781119999999997,0.4978713599999999,-0.00243,0.006803999999999999,-0.019051199999999994,0.05334335999999999,-0.14936140799999995,0.41821194239999987
-0.46,0.71,0.2116,-0.3266,0.5041,-0.097336,0.150236,-0.231886,0.357911,0.044774560000000005,-0.06910856000000001,0.10666756000000001,-0.16463906,0.25411680999999997,-0.020596297600000004,0.031789937600000005,-0.04906707760000001,0.07573396760000001,-0.1168937326,0.18042293509999996
-0.11,-0.8,0.0121,0.08800000000000001,0.6400000000000001,-0.001331,-0.009680000000000001,-0.07040000000000002,-0.5120000000000001,0.00014641,0.0010648,0.007744000000000002,0.056320000000000016,0.40960000000000013,-1.61051e-05,-0.00011712800000000001,-0.0008518400000000002,-0.006195200000000001,-0.04505600000000001,-0.32768000000000014
-0.39,-0.73,0.1521,0.2847,0.5328999999999999,-0.059319000000000004,-0.111033,-0.207831,-0.38901699999999995,0.02313441,0.04330287000000001,0.08105409,0.15171663,0.28398240999999996,-0.0090224199,-0.016888119300000004,-0.0316110951,-0.059169485699999996,-0.11075313989999999,-0.20730715929999996
-0.5,0.47,0.25,-0.235,0.22089999999999999,-0.125,0.1175,-0.11044999999999999,0.10382299999999998,0.0625,-0.05875,0.055224999999999996,-0.05191149999999999,0.04879680999999999,-0.03125,0.029375,-0.027612499999999998,0.025955749999999996,-0.024398404999999995,0.022934500699999992
-0.24,-0.69,0.0576,0.16559999999999997,0.4760999999999999,-0.013824,-0.039743999999999995,-0.11426399999999998,-0.32850899999999994,0.00331776,0.009538559999999998,0.027423359999999994,0.07884215999999998,0.22667120999999993,-0.0007962624,-0.0022892543999999994,-0.006581606399999999,-0.018922118399999993,-0.054401090399999984,-0.15640313489999993
0.86,-0.19,0.7395999999999999,-0.1634,0.0361,0.636056,-0.14052399999999998,0.031046,-0.0068590000000000005,0.54700816,-0.12085063999999998,0.02669956,-0.00589874,0.0013032100000000002,0.47042701759999994,-0.10393155039999999,0.0229616216,-0.0050729164,0.0011207606000000001,-0.0002476099
0.19,-0.82,0.0361,-0.1558,0.6723999999999999,0.0068590000000000005,-0.029602,0.12775599999999998,-0.5513679999999999,0.0013032100000000002,-0.00562438,0.024273639999999996,-0.10475991999999998,0.4521217599999999,0.0002476099,-0.0010686322,0.0046119915999999995,-0.019904384799999997,0.08590313439999998,-0.37073984319999986
-0.72,0.55,0.5184,-0.396,0.30250000000000005,-0.37324799999999997,0.28512,-0.21780000000000002,0.16637500000000005,0.26873855999999996,-0.20528639999999998,0.156816,-0.11979000000000004,0.09150625000000004,-0.19349176319999997,0.14780620799999997,-0.11290752,0.08624880000000003,-0.06588450000000003,0.050328437500000024
-0.11,0.77,0.0121,-0.0847,0.5929,-0.001331,0.009317,-0.065219,0.456533,0.00014641,-0.00102487,0.00717409,-0.05021863,0.35153041,-1.61051e-05,0.0001127357,-0.0007891499,0.0055240493,-0.0386683451,0.2706784157
-0.98,0.86,0.9603999999999999,-0.8428,0.7395999999999999,-0.9411919999999999,0.825944,-0.7248079999999999,0.636056,0.9223681599999999,-0.80942512,0.7103118399999999,-0.6233348799999999,0.54700816,-0.9039207967999998,0.7932366176,-0.6961056031999999,0.6108681824,-0.5360679968,0.47042701759999994
-0.17,0.26,0.028900000000000006,-0.0442,0.06760000000000001,-0.004913000000000002,0.007514000000000001,-0.011492000000000002,0.017576,0.0008352100000000003,-0.0012773800000000003,0.0019536400000000004,-0.0029879200000000002,0.004569760000000001,-0.00014198570000000007,0.00021715460000000007,-0.0003321188000000001,0.0005079464,-0.0007768592000000001,0.0011881376000000003
0.97,-0.76,0.9409,-0.7372,0.5776,0.912673,-0.7150839999999999,0.560272,-0.43897600000000003,0.8852928099999999,-0.69363148,0.54346384,-0.42580672,0.33362176000000004,0.8587340256999999,-0.6728225355999999,0.5271599248000001,-0.4130325184,0.3236131072,-0.2535525376
0.88,0.93,0.7744,0.8184,0.8649000000000001,0.681472,0.720192,0.7611120000000001,0.8043570000000001,0.59969536,0.63376896,0.6697785600000001,0.7078341600000001,0.7480520100000001,0.5277319168,0.5577166848,0.5894051328000002,0.6228940608000001,0.6582857688000001,0.6956883693000001
-0.46,0.72,0.2116,-0.3312,0.5184,-0.097336,0.15235200000000002,-0.238464,0.37324799999999997,0.044774560000000005,-0.07008192,0.10969344,-0.17169408,0.26873855999999996,-0.020596297600000004,0.032237683200000006,-0.050458982400000005,0.0789792768,-0.12361973759999999,0.19349176319999997
0.11,0.24,0.0121,0.0264,0.0576,0.001331,0.002904,0.006336,0.013824,0.00014641,0.00031944,0.0006969599999999999,0.00152064,0.00331776,1.61051e-05,3.51384e-05,7.66656e-05,0.0001672704,0.0003649536,0.0007962624
0.56,0.65,0.31360000000000005,0.36400000000000005,0.42250000000000004,0.17561600000000005,0.20384000000000005,0.23660000000000003,0.27462500000000006,0.09834496000000004,0.11415040000000004,0.13249600000000003,0.15379000000000004,0.17850625000000006,0.05507317760000002,0.06392422400000003,0.07419776000000003,0.08612240000000003,0.09996350000000004,0.11602906250000004
-0.06,-0.56,0.0036,0.033600000000000005,0.31360000000000005,-0.000216,-0.0020160000000000004,-0.018816000000000003,-0.17561600000000005,1.296e-05,0.00012096000000000002,0.00112896,0.010536960000000003,0.09834496000000004,-7.776e-07,-7.257600000000001e-06,-6.77376e-05,-0.0006322176000000001,-0.005900697600000002,-0.05507317760000002
0.85,0.56,0.7224999999999999,0.47600000000000003,0.31360000000000005,0.6141249999999999,0.4046,0.26656,0.17561600000000005,0.5220062499999999,0.34391,0.226576,0.14927360000000003,0.09834496000000004,0.4437053124999999,0.2923235,0.1925896,0.12688256000000003,0.08359321600000003,0.05507317760000002
-0.28,-0.65,0.07840000000000001,0.18200000000000002,0.42250000000000004,-0.021952000000000006,-0.05096000000000001,-0.11830000000000002,-0.27462500000000006,0.006146560000000002,0.014268800000000005,0.03312400000000001,0.07689500000000002,0.17850625000000006,-0.0017210368000000007,-0.003995264000000002,-0.009274720000000004,-0.021530600000000007,-0.04998175000000002,-0.11602906250000004
0.02,0.48,0.0004,0.0096,0.2304,8.000000000000001e-06,0.00019199999999999998,0.004608,0.110592,1.6000000000000003e-07,3.84e-06,9.216e-05,0.00221184,0.05308416,3.2000000000000005e-09,7.68e-08,1.8432e-06,4.42368e-05,0.0010616832,0.0254803968
-0.34,-0.12,0.11560000000000002,0.0408,0.0144,-0.03930400000000001,-0.013872000000000002,-0.004896,-0.001728,0.013363360000000005,0.004716480000000001,0.0016646400000000002,0.00058752,0.00020736,-0.004543542400000002,-0.0016036032000000006,-0.0005659776000000002,-0.00019975680000000002,-7.05024e-05,-2.48832e-05
-0.72,0.86,0.5184,-0.6192,0.7395999999999999,-0.37324799999999997,0.44582399999999994,-0.5325119999999999,0.636056,0.26873855999999996,-0.32099327999999994,0.3834086399999999,-0.45796032,0.54700816,-0.19349176319999997,0.23111516159999995,-0.2760542207999999,0.32973143039999997,-0.3938458752,0.47042701759999994
0.06,-0.43,0.0036,-0.0258,0.18489999999999998,0.000216,-0.001548,0.011093999999999998,-0.079507,1.296e-05,-9.287999999999999e-05,0.0006656399999999999,-0.004770419999999999,0.03418801,7.776e-07,-5.572799999999999e-06,3.993839999999999e-05,-0.00028622519999999994,0.0020512805999999997,-0.014700844299999998
0.41,0.95,0.16809999999999997,0.38949999999999996,0.9025,0.06892099999999998,0.15969499999999998,0.370025,0.8573749999999999,0.028257609999999992,0.06547494999999999,0.15171025,0.3515237499999999,0.8145062499999999,0.011585620099999996,0.026844729499999994,0.06220120249999999,0.14412473749999996,0.3339475624999999,0.7737809374999999
-0.66,0.43,0.43560000000000004,-0.2838,0.18489999999999998,-0.28749600000000003,0.187308,-0.12203399999999999,0.079507,0.18974736000000003,-0.12362328,0.08054243999999999,-0.05247462,0.03418801,-0.12523325760000004,0.08159136480000001,-0.0531580104,0.0346332492,-0.022564086599999998,0.014700844299999998
0.8,0.18,0.6400000000000001,0.144,0.0324,0.5120000000000001,0.1152,0.02592,0.0058319999999999995,0.40960000000000013,0.09216,0.020736,0.0046656,0.0010497599999999998,0.32768000000000014,0.073728,0.0165888,0.00373248,0.0008398079999999999,0.00018895679999999997
-0.31,0.77,0.0961,-0.2387,0.5929,-0.029791,0.073997,-0.183799,0.456533,0.00923521,-0.02293907,0.05697769,-0.14152523,0.35153041,-0.0028629151,0.0071111117,-0.017663083899999998,0.0438728213,-0.10897442710000001,0.2706784157
0.42,-0.44,0.17639999999999997,-0.1848,0.1936,0.07408799999999999,-0.07761599999999999,0.081312,-0.085184,0.031116959999999992,-0.03259872,0.034151039999999994,-0.035777279999999995,0.03748096,0.013069123199999996,-0.013691462399999998,0.014343436799999996,-0.015026457599999998,0.0157420032,-0.0164916224
0.7,0.96,0.48999999999999994,0.6719999999999999,0.9216,0.3429999999999999,0.47039999999999993,0.6451199999999999,0.884736,0.24009999999999992,0.3292799999999999,0.45158399999999993,0.6193152,0.84934656,0.16806999999999994,0.23049599999999992,0.3161087999999999,0.43352063999999996,0.5945425919999999,0.8153726976
-0.72,-0.2,0.5184,0.144,0.04000000000000001,-0.37324799999999997,-0.10368,-0.028800000000000006,-0.008000000000000002,0.26873855999999996,0.0746496,0.020736000000000004,0.005760000000000001,0.0016000000000000005,-0.19349176319999997,-0.053747711999999996,-0.014929920000000003,-0.004147200000000001,-0.0011520000000000002,-0.00032000000000000013
0.2,0.84,0.04000000000000001,0.168,0.7055999999999999,0.008000000000000002,0.033600000000000005,0.14112,0.5927039999999999,0.0016000000000000005,0.006720000000000001,0.028224,0.11854079999999999,0.4978713599999999,0.00032000000000000013,0.0013440000000000004,0.0056448,0.02370816,0.09957427199999998,0.41821194239999987
-0.55,-0.86,0.30250000000000005,0.47300000000000003,0.7395999999999999,-0.16637500000000005,-0.26015000000000005,-0.40678,-0.636056,0.09150625000000004,0.14308250000000003,0.223729,0.3498308,0.54700816,-0.050328437500000024,-0.07869537500000003,-0.12305095000000002,-0.19240694000000003,-0.30085448800000003,-0.47042701759999994
-0.72,-0.7,0.5184,0.504,0.48999999999999994,-0.37324799999999997,-0.36288,-0.35279999999999995,-0.3429999999999999,0.26873855999999996,0.2612736,0.25401599999999996,0.24695999999999993,0.24009999999999992,-0.19349176319999997,-0.18811699199999998,-0.18289151999999997,-0.17781119999999995,-0.17287199999999994,-0.16806999999999994
0.7,0.0,0.48999999999999994,0.0,0.0,0.3429999999999999,0.0,0.0,0.0,0.24009999999999992,0.0,0.0,0.0,0.0,0.16806999999999994,0.0,0.0,0.0,0.0,0.0
-0.35,-0.29,0.12249999999999998,0.10149999999999999,0.0841,-0.04287499999999999,-0.035524999999999994,-0.029434999999999996,-0.024388999999999997,0.015006249999999995,0.012433749999999997,0.010302249999999997,0.00853615,0.007072809999999999,-0.005252187499999998,-0.004351812499999999,-0.003605787499999999,-0.0029876524999999997,-0.0024754834999999994,-0.0020511148999999996
-0.53,0.32,0.28090000000000004,-0.1696,0.1024,-0.14887700000000004,0.08988800000000001,-0.05427200000000001,0.032768000000000005,0.07890481000000002,-0.047640640000000005,0.028764160000000004,-0.017367040000000004,0.010485760000000002,-0.041819549300000015,0.025249539200000004,-0.015245004800000003,0.009204531200000003,-0.005557452800000001,0.0033554432000000006
0.59,-0.24,0.34809999999999997,-0.14159999999999998,0.0576,0.20537899999999998,-0.08354399999999998,0.033984,-0.013824,0.12117360999999999,-0.04929095999999999,0.02005056,-0.008156159999999999,0.00331776,0.07149242989999999,-0.02908166639999999,0.011829830399999998,-0.004812134399999999,0.0019574784,-0.0007962624
0.17,-0.35,0.028900000000000006,-0.0595,0.12249999999999998,0.004913000000000002,-0.010115,0.020825,-0.04287499999999999,0.0008352100000000003,-0.0017195500000000002,0.0035402500000000004,-0.007288749999999998,0.015006249999999995,0.00014198570000000007,-0.00029232350000000005,0.0006018425000000001,-0.0012390874999999998,0.0025510624999999995,-0.005252187499999998
0.33,-0.42,0.10890000000000001,-0.1386,0.17639999999999997,0.035937000000000004,-0.045738,0.05821199999999999,-0.07408799999999999,0.011859210000000002,-0.01509354,0.019209959999999998,-0.02444904,0.031116959999999992,0.003913539300000001,-0.0049808682,0.0063392868,-0.0080681832,0.010268596799999998,-0.013069123199999996
-0.4,0.67,0.16000000000000003,-0.268,0.4489000000000001,-0.06400000000000002,0.10720000000000002,-0.17956000000000005,0.30076300000000006,0.025600000000000008,-0.04288000000000001,0.07182400000000003,-0.12030520000000003,0.20151121000000005,-0.010240000000000004,0.017152000000000004,-0.02872960000000001,0.04812208000000001,-0.08060448400000003,0.13501251070000003
-0.99,-0.6,0.9801,0.594,0.36,-0.9702989999999999,-0.5880599999999999,-0.3564,-0.216,0.96059601,0.5821793999999999,0.352836,0.21384,0.1296,-0.9509900498999999,-0.5763576059999999,-0.34930764,-0.2117016,-0.128304,-0.07776
-0.16,-0.3,0.0256,0.048,0.09,-0.004096000000000001,-0.00768,-0.0144,-0.027,0.0006553600000000001,0.0012288000000000002,0.002304,0.00432,0.0081,-0.00010485760000000002,-0.00019660800000000003,-0.00036864,-0.0006912,-0.001296,-0.00243
-0.84,-0.74,0.7055999999999999,0.6215999999999999,0.5476,-0.5927039999999999,-0.5221439999999999,-0.45998399999999995,-0.405224,0.4978713599999999,0.43860095999999993,0.38638655999999993,0.34038815999999994,0.29986576,-0.41821194239999987,-0.3684248063999999,-0.32456471039999996,-0.28592605439999996,-0.2518872384,-0.22190066239999998
0.27,0.86,0.0729,0.23220000000000002,0.7395999999999999,0.019683000000000003,0.06269400000000001,0.19969199999999998,0.636056,0.005314410000000001,0.016927380000000006,0.05391684,0.17173512,0.54700816,0.0014348907000000003,0.0045703926000000014,0.014557546800000001,0.0463684824,0.1476922032,0.47042701759999994
-0.79,0.55,0.6241000000000001,-0.43450000000000005,0.30250000000000005,-0.4930390000000001,0.34325500000000003,-0.23897500000000005,0.16637500000000005,0.3895008100000001,-0.27117145000000004,0.18879025000000005,-0.13143625000000003,0.09150625000000004,-0.3077056399000001,0.21422544550000003,-0.14914429750000005,0.10383463750000003,-0.07228993750000004,0.050328437500000024
-0.34,0.42,0.11560000000000002,-0.1428,0.17639999999999997,-0.03930400000000001,0.048552000000000005,-0.059975999999999995,0.07408799999999999,0.013363360000000005,-0.016507680000000004,0.02039184,-0.025189919999999998,0.031116959999999992,-0.004543542400000002,0.005612611200000002,-0.0069332256000000005,0.0085645728,-0.010579766399999998,0.013069123199999996
0.38,0.12,0.1444,0.0456,0.0144,0.054872000000000004,0.017328,0.005472,0.001728,0.020851360000000003,0.00658464,0.00207936,0.00065664,0.00020736,0.0079235168,0.0025021632,0.0007901568,0.0002495232,7.87968e-05,2.48832e-05
0.56,0.66,0.31360000000000005,0.36960000000000004,0.43560000000000004,0.17561600000000005,0.20697600000000005,0.24393600000000004,0.28749600000000003,0.09834496000000004,0.11590656000000003,0.13660416000000003,0.16099776000000005,0.18974736000000003,0.05507317760000002,0.06490767360000002,0.07649832960000003,0.09015874560000003,0.10625852160000003,0.12523325760000004
0.42,0.25,0.17639999999999997,0.105,0.0625,0.07408799999999999,0.04409999999999999,0.02625,0.015625,0.031116959999999992,0.018521999999999997,0.011024999999999998,0.0065625,0.00390625,0.013069123199999996,0.007779239999999998,0.004630499999999999,0.0027562499999999996,0.001640625,0.0009765625
-0.35,-0.93,0.12249999999999998,0.3255,0.8649000000000001,-0.04287499999999999,-0.113925,-0.302715,-0.8043570000000001,0.015006249999999995,0.03987375,0.10595025,0.28152495,0.7480520100000001,-0.005252187499999998,-0.0139558125,-0.03708258749999999,-0.0985337325,-0.2618182035,-0.6956883693000001
0.97,0.13,0.9409,0.1261,0.016900000000000002,0.912673,0.12231699999999998,0.016393,0.002197,0.8852928099999999,0.11864748999999998,0.015901210000000002,0.00213109,0.00028561000000000005,0.8587340256999999,0.11508806529999997,0.015424173700000002,0.0020671573,0.00027704170000000003,3.712930000000001e-05
0.4,0.56,0.16000000000000003,0.22400000000000003,0.31360000000000005,0.06400000000000002,0.08960000000000001,0.12544000000000002,0.17561600000000005,0.025600000000000008,0.035840000000000004,0.05017600000000001,0.07024640000000003,0.09834496000000004,0.010240000000000004,0.014336000000000002,0.020070400000000006,0.028098560000000012,0.03933798400000002,0.05507317760000002
0.89,-0.44,0.7921,-0.3916,0.1936,0.7049690000000001,-0.348524,0.17230399999999998,-0.085184,0.6274224100000001,-0.31018636,0.15335056,-0.07581376,0.03748096,0.5584059449000001,-0.2760658604,0.1364819984,-0.0674742464,0.0333580544,-0.0164916224
-0.8,0.21,0.6400000000000001,-0.168,0.04409999999999999,-0.5120000000000001,0.13440000000000002,-0.03528,0.009260999999999998,0.40960000000000013,-0.10752000000000002,0.028224,-0.007408799999999999,0.0019448099999999995,-0.32768000000000014,0.08601600000000002,-0.0225792,0.00592704,-0.0015558479999999996,0.00040841009999999987
0.15,-0.19,0.0225,-0.028499999999999998,0.0361,0.003375,-0.004274999999999999,0.005415,-0.0068590000000000005,0.00050625,-0.0006412499999999999,0.0008122499999999999,-0.00102885,0.0013032100000000002,7.59375e-05,-9.618749999999999e-05,0.00012183749999999999,-0.00015432749999999998,0.00019548150000000002,-0.0002476099
-0.12,0.16,0.0144,-0.0192,0.0256,-0.001728,0.0023039999999999996,-0.003072,0.004096000000000001,0.00020736,-0.00027647999999999995,0.00036864,-0.0004915200000000001,0.0006553600000000001,-2.48832e-05,3.317759999999999e-05,-4.4236799999999996e-05,5.8982400000000006e-05,-7.864320000000001e-05,0.00010485760000000002
0.21,0.73,0.04409999999999999,0.1533,0.5328999999999999,0.009260999999999998,0.032193,0.11190899999999998,0.38901699999999995,0.0019448099999999995,0.00676053,0.023500889999999997,0.08169356999999998,0.28398240999999996,0.00040841009999999987,0.0014197112999999998,0.004935186899999999,0.017155649699999994,0.05963630609999999,0.20730715929999996
0.86,0.37,0.7395999999999999,0.3182,0.1369,0.636056,0.273652,0.11773399999999999,0.050653,0.54700816,0.23534072,0.10125123999999999,0.043561579999999996,0.01874161,0.47042701759999994,0.2023930192,0.0870760664,0.037462958799999994,0.016117784599999997,0.006934395699999999
0.99,0.12,0.9801,0.11879999999999999,0.0144,0.9702989999999999,0.117612,0.014256,0.001728,0.96059601,0.11643587999999999,0.01411344,0.00171072,0.00020736,0.9509900498999999,0.11527152119999999,0.0139723056,0.0016936128,0.0002052864,2.48832e-05
0.23,-0.8,0.0529,-0.18400000000000002,0.6400000000000001,0.012167,-0.04232000000000001,0.14720000000000003,-0.5120000000000001,0.0027984100000000003,-0.009733600000000002,0.033856000000000004,-0.11776000000000003,0.40960000000000013,0.0006436343000000001,-0.0022387280000000006,0.007786880000000001,-0.02708480000000001,0.09420800000000003,-0.32768000000000014
-0.33,0.89,0.10890000000000001,-0.2937,0.7921,-0.035937000000000004,0.09692100000000001,-0.26139300000000004,0.7049690000000001,0.011859210000000002,-0.03198393,0.08625969000000001,-0.23263977000000002,0.6274224100000001,-0.003913539300000001,0.0105546969,-0.028465697700000007,0.07677112410000002,-0.20704939530000005,0.5584059449000001
0.62,-0.96,0.3844,-0.5952,0.9216,0.238328,-0.36902399999999996,0.571392,-0.884736,0.14776336,-0.22879487999999998,0.35426304000000003,-0.54853632,0.84934656,0.0916132832,-0.14185282559999998,0.21964308480000003,-0.3400925184,0.5265948671999999,-0.8153726976
0.0,0.17,0.0,0.0,0.028900000000000006,0.0,0.0,0.0,0.004913000000000002,0.0,0.0,0.0,0.0,0.0008352100000000003,0.0,0.0,0.0,0.0,0.0,0.00014198570000000007
0.71,-0.58,0.5041,-0.41179999999999994,0.3364,0.357911,-0.29237799999999997,0.23884399999999997,-0.19511199999999998,0.25411680999999997,-0.20758837999999996,0.16957923999999996,-0.13852952,0.11316495999999998,0.18042293509999996,-0.14738774979999997,0.12040126039999997,-0.09835595919999998,0.08034712159999999,-0.06563567679999999
-0.58,-0.64,0.3364,0.3712,0.4096,-0.19511199999999998,-0.21529599999999996,-0.237568,-0.26214400000000004,0.11316495999999998,0.12487167999999997,0.13778943999999999,0.15204352000000002,0.16777216000000003,-0.06563567679999999,-0.07242557439999998,-0.07991787519999999,-0.0881852416,-0.09730785280000001,-0.10737418240000002
-0.51,-0.62,0.2601,0.3162,0.3844,-0.132651,-0.161262,-0.19604400000000002,-0.238328,0.06765201,0.08224361999999999,0.09998244000000002,0.12154728000000001,0.14776336,-0.0345025251,-0.04194424619999999,-0.05099104440000001,-0.0619891128,-0.0753593136,-0.0916132832
0.49,0.9,0.24009999999999998,0.441,0.81,0.11764899999999999,0.21609,0.39690000000000003,0.7290000000000001,0.05764800999999999,0.1058841,0.19448100000000001,0.35721,0.6561000000000001,0.028247524899999994,0.051883209,0.09529569,0.17503290000000002,0.3214890000000001,0.5904900000000002
0.94,0.37,0.8835999999999999,0.3478,0.1369,0.8305839999999999,0.326932,0.128686,0.050653,0.7807489599999998,0.30731608,0.12096483999999999,0.047613819999999994,0.01874161,0.7339040223999997,0.2888771152,0.11370694959999998,0.04475699079999999,0.0176171134,0.006934395699999999
-0.55,-0.86,0.30250000000000005,0.47300000000000003,0.7395999999999999,-0.16637500000000005,-0.26015000000000005,-0.40678,-0.636056,0.09150625000000004,0.14308250000000003,0.223729,0.3498308,0.54700816,-0.050328437500000024,-0.07869537500000003,-0.12305095000000002,-0.19240694000000003,-0.30085448800000003,-0.47042701759999994
-0.42,0.61,0.17639999999999997,-0.2562,0.3721,-0.07408799999999999,0.10760399999999999,-0.15628199999999998,0.226981,0.031116959999999992,-0.04519367999999999,0.06563843999999999,-0.09533201999999999,0.13845840999999998,-0.013069123199999996,0.018981345599999998,-0.027568144799999996,0.0400394484,-0.05815253219999999,0.08445963009999999
-0.05,0.46,0.0025000000000000005,-0.023000000000000003,0.2116,-0.00012500000000000003,0.0011500000000000002,-0.01058,0.097336,6.250000000000002e-06,-5.7500000000000015e-05,0.0005290000000000001,-0.004866800000000001,0.044774560000000005,-3.1250000000000013e-07,2.875000000000001e-06,-2.6450000000000006e-05,0.00024334000000000007,-0.002238728,0.020596297600000004
-0.24,-0.84,0.0576,0.20159999999999997,0.7055999999999999,-0.013824,-0.04838399999999999,-0.16934399999999997,-0.5927039999999999,0.00331776,0.011612159999999996,0.04064255999999999,0.14224895999999998,0.4978713599999999,-0.0007962624,-0.002786918399999999,-0.009754214399999997,-0.034139750399999995,-0.11948912639999996,-0.41821194239999987
0.18,-0.39,0.0324,-0.0702,0.1521,0.0058319999999999995,-0.012636,0.027378000000000003,-0.059319000000000004,0.0010497599999999998,-0.0022744799999999997,0.004928040000000001,-0.01067742,0.02313441,0.00018895679999999997,-0.00040940639999999994,0.0008870472000000001,-0.0019219355999999998,0.0041641938,-0.0090224199
0.53,0.16,0.28090000000000004,0.0848,0.0256,0.14887700000000004,0.044944000000000005,0.013568000000000002,0.004096000000000001,0.07890481000000002,0.023820320000000002,0.007191040000000001,0.0021708800000000005,0.0006553600000000001,0.041819549300000015,0.012624769600000002,0.003811251200000001,0.0011505664000000004,0.0003473408000000001,0.00010485760000000002
0.74,-0.24,0.5476,-0.17759999999999998,0.0576,0.405224,-0.13142399999999999,0.042623999999999995,-0.013824,0.29986576,-0.09725376,0.031541759999999995,-0.01022976,0.00331776,0.22190066239999998,-0.0719677824,0.023340902399999995,-0.007570022399999999,0.0024551423999999997,-0.0007962624
0.36,-0.6,0.1296,-0.216,0.36,0.046655999999999996,-0.07776,0.1296,-0.216,0.016796159999999997,-0.027993599999999997,0.046655999999999996,-0.07776,0.1296,0.006046617599999999,-0.010077695999999999,0.016796159999999997,-0.027993599999999997,0.046655999999999996,-0.07776
-0.35,-0.02,0.12249999999999998,0.006999999999999999,0.0004,-0.04287499999999999,-0.0024499999999999995,-0.00014,-8.000000000000001e-06,0.015006249999999995,0.0008574999999999998,4.899999999999999e-05,2.8000000000000003e-06,1.6000000000000003e-07,-0.005252187499999998,-0.0003001249999999999,-1.7149999999999997e-05,-9.800000000000001e-07,-5.6000000000000005e-08,-3.2000000000000005e-09
-0.55,0.66,0.30250000000000005,-0.36300000000000004,0.43560000000000004,-0.16637500000000005,0.19965000000000005,-0.23958000000000004,0.28749600000000003,0.09150625000000004,-0.10980750000000003,0.13176900000000002,-0.15812280000000004,0.18974736000000003,-0.050328437500000024,0.06039412500000002,-0.07247295000000002,0.08696754000000002,-0.10436104800000003,0.12523325760000004
-0.86,-0.84,0.7395999999999999,0.7223999999999999,0.7055999999999999,-0.636056,-0.6212639999999999,-0.6068159999999999,-0.5927039999999999,0.54700816,0.5342870399999999,0.52186176,0.5097254399999999,0.4978713599999999,-0.47042701759999994,-0.4594868543999999,-0.44880111359999997,-0.43836387839999985,-0.4281693695999999,-0.41821194239999987
-0.92,-0.43,0.8464,0.3956,0.18489999999999998,-0.778688,-0.363952,-0.17010799999999998,-0.079507,0.7163929600000001,0.33483584,0.15649935999999998,0.07314644,0.03418801,-0.6590815232000001,-0.3080489728,-0.1439794112,-0.0672947248,-0.0314529692,-0.014700844299999998
-0.48,-0.42,0.2304,0.20159999999999997,0.17639999999999997,-0.110592,-0.09676799999999998,-0.08467199999999998,-0.07408799999999999,0.05308416,0.046448639999999985,0.04064255999999999,0.035562239999999995,0.031116959999999992,-0.0254803968,-0.022295347199999992,-0.019508428799999995,-0.017069875199999997,-0.014936140799999996,-0.013069123199999996
-0.04,-1.0,0.0016,0.04,1.0,-6.400000000000001e-05,-0.0016,-0.04,-1.0,2.5600000000000005e-06,6.400000000000001e-05,0.0016,0.04,1.0,-1.0240000000000002e-07,-2.5600000000000005e-06,-6.400000000000001e-05,-0.0016,-0.04,-1.0
-0.53,-0.11,0.28090000000000004,0.058300000000000005,0.0121,-0.14887700000000004,-0.030899000000000003,-0.006413,-0.001331,0.07890481000000002,0.01637647,0.0033988900000000003,0.0007054300000000001,0.00014641,-0.041819549300000015,-0.008679529100000001,-0.0018014117000000002,-0.00037387790000000003,-7.75973e-05,-1.61051e-05
0.38,-0.07,0.1444,-0.026600000000000002,0.004900000000000001,0.054872000000000004,-0.010108,0.0018620000000000004,-0.0003430000000000001,0.020851360000000003,-0.0038410400000000004,0.0007075600000000002,-0.00013034000000000003,2.401000000000001e-05,0.0079235168,-0.0014595952000000002,0.0002688728000000001,-4.9529200000000014e-05,9.123800000000004e-06,-1.6807000000000007e-06
0.04,0.96,0.0016,0.0384,0.9216,6.400000000000001e-05,0.0015359999999999998,0.036864,0.884736,2.5600000000000005e-06,6.144e-05,0.00147456,0.03538944,0.84934656,1.0240000000000002e-07,2.4576e-06,5.89824e-05,0.0014155776,0.0339738624,0.8153726976
-0.47,0.99,0.22089999999999999,-0.4653,0.9801,-0.10382299999999998,0.218691,-0.460647,0.9702989999999999,0.04879680999999999,-0.10278477,0.21650408999999998,-0.45604052999999994,0.96059601,-0.022934500699999992,0.048308841899999996,-0.10175692229999998,0.21433904909999996,-0.45148012469999993,0.9509900498999999
0.41,0.29,0.16809999999999997,0.11889999999999998,0.0841,0.06892099999999998,0.04874899999999999,0.034481,0.024388999999999997,0.028257609999999992,0.019987089999999992,0.014137209999999999,0.009999489999999998,0.007072809999999999,0.011585620099999996,0.008194706899999996,0.005796256099999999,0.004099790899999999,0.0028998520999999992,0.0020511148999999996
-0.85,-0.41,0.7224999999999999,0.3485,0.16809999999999997,-0.6141249999999999,-0.29622499999999996,-0.14288499999999998,-0.06892099999999998,0.5220062499999999,0.25179124999999997,0.12145224999999998,0.058582849999999985,0.028257609999999992,-0.4437053124999999,-0.21402256249999996,-0.10323441249999998,-0.049795422499999985,-0.02401896849999999,-0.011585620099999996
0.91,0.68,0.8281000000000001,0.6188,0.4624000000000001,0.7535710000000001,0.563108,0.4207840000000001,0.3144320000000001,0.6857496100000001,0.5124282800000001,0.3829134400000001,0.2861331200000001,0.21381376000000007,0.6240321451000002,0.4663097348000001,0.3484512304000001,0.26038113920000006,0.19457052160000007,0.14539335680000007
0.76,0.65,0.5776,0.49400000000000005,0.42250000000000004,0.43897600000000003,0.37544000000000005,0.32110000000000005,0.27462500000000006,0.33362176000000004,0.28533440000000004,0.24403600000000003,0.20871500000000004,0.17850625000000006,0.2535525376,0.21685414400000003,0.18546736000000003,0.15862340000000003,0.13566475000000006,0.11602906250000004
-0.56,0.12,0.31360000000000005,-0.06720000000000001,0.0144,-0.17561600000000005,0.037632000000000006,-0.008064,0.001728,0.09834496000000004,-0.021073920000000006,0.00451584,-0.0009676800000000001,0.00020736,-0.05507317760000002,0.011801395200000005,-0.0025288704000000005,0.0005419008000000001,-0.00011612160000000001,2.48832e-05
-0.95,0.1,0.9025,-0.095,0.010000000000000002,-0.8573749999999999,0.09025,-0.009500000000000001,0.0010000000000000002,0.8145062499999999,-0.0857375,0.009025000000000002,-0.0009500000000000002,0.00010000000000000003,-0.7737809374999999,0.08145062499999998,-0.008573750000000002,0.0009025000000000002,-9.500000000000003e-05,1.0000000000000004e-05
-0.91,-0.5,0.8281000000000001,0.455,0.25,-0.7535710000000001,-0.41405000000000003,-0.2275,-0.125,0.6857496100000001,0.37678550000000005,0.20702500000000001,0.11375,0.0625,-0.6240321451000002,-0.34287480500000006,-0.18839275000000003,-0.10351250000000001,-0.056875,-0.03125
-0.25,-0.76,0.0625,0.19,0.5776,-0.015625,-0.0475,-0.1444,-0.43897600000000003,0.00390625,0.011875,0.0361,0.10974400000000001,0.33362176000000004,-0.0009765625,-0.00296875,-0.009025,-0.027436000000000002,-0.08340544000000001,-0.2535525376
-0.34,-0.17,0.11560000000000002,0.05780000000000001,0.028900000000000006,-0.03930400000000001,-0.019652000000000006,-0.009826000000000003,-0.004913000000000002,0.013363360000000005,0.006681680000000002,0.003340840000000001,0.0016704200000000006,0.0008352100000000003,-0.004543542400000002,-0.002271771200000001,-0.0011358856000000005,-0.0005679428000000003,-0.00028397140000000013,-0.00014198570000000007
-0.19,0.19,0.0361,-0.0361,0.0361,-0.0068590000000000005,0.0068590000000000005,-0.0068590000000000005,0.0068590000000000005,0.0013032100000000002,-0.0013032100000000002,0.0013032100000000002,-0.0013032100000000002,0.0013032100000000002,-0.0002476099,0.0002476099,-0.0002476099,0.0002476099,-0.0002476099,0.0002476099
0.41,0.77,0.16809999999999997,0.3157,0.5929,0.06892099999999998,0.129437,0.24308899999999997,0.456533,0.028257609999999992,0.05306917,0.09966648999999998,0.18717853,0.35153041,0.011585620099999996,0.021758359699999997,0.04086326089999999,0.0767431973,0.1441274681,0.2706784157
0.19,0.89,0.0361,0.1691,0.7921,0.0068590000000000005,0.032129,0.150499,0.7049690000000001,0.0013032100000000002,0.00610451,0.02859481,0.13394411,0.6274224100000001,0.0002476099,0.0011598569,0.005433013899999999,0.025449380900000002,0.11921025790000002,0.5584059449000001
